,RMSE,MAE
RF (no name),0.6826809180234198,0.4862499974362564
XGBoost (no graph),0.6879334600521811,0.5040551424026489
